"filename", "language", "JSON", "JSON with Comments", "TypeScript", "HTML", "CSS", "Markdown", "comment", "blank", "total"
"c:\AngularSRDeveloper\proyectoWeb-master\README.md", "Markdown", 0, 0, 0, 0, 0, 14, 0, 14, 28
"c:\AngularSRDeveloper\proyectoWeb-master\angular.json", "JSON", 103, 0, 0, 0, 0, 0, 0, 1, 104
"c:\AngularSRDeveloper\proyectoWeb-master\package-lock.json", "JSON", 13810, 0, 0, 0, 0, 0, 0, 1, 13811
"c:\AngularSRDeveloper\proyectoWeb-master\package.json", "JSON", 47, 0, 0, 0, 0, 0, 0, 1, 48
"c:\AngularSRDeveloper\proyectoWeb-master\src\app\Proyecto-Web2.code-workspace", "JSON with Comments", 0, 17, 0, 0, 0, 0, 0, 0, 17
"c:\AngularSRDeveloper\proyectoWeb-master\src\app\acceso-puerta\acceso-puerta.component.css", "CSS", 0, 0, 0, 0, 48, 0, 0, 11, 59
"c:\AngularSRDeveloper\proyectoWeb-master\src\app\acceso-puerta\acceso-puerta.component.html", "HTML", 0, 0, 0, 11, 0, 0, 0, 6, 17
"c:\AngularSRDeveloper\proyectoWeb-master\src\app\acceso-puerta\acceso-puerta.component.spec.ts", "TypeScript", 0, 0, 17, 0, 0, 0, 0, 5, 22
"c:\AngularSRDeveloper\proyectoWeb-master\src\app\acceso-puerta\acceso-puerta.component.ts", "TypeScript", 0, 0, 51, 0, 0, 0, 4, 15, 70
"c:\AngularSRDeveloper\proyectoWeb-master\src\app\acceso-puerta\acceso-puerta.service.spec.ts", "TypeScript", 0, 0, 12, 0, 0, 0, 0, 5, 17
"c:\AngularSRDeveloper\proyectoWeb-master\src\app\acceso-puerta\acceso-puerta.service.ts", "TypeScript", 0, 0, 13, 0, 0, 0, 3, 7, 23
"c:\AngularSRDeveloper\proyectoWeb-master\src\app\acuerdos-usuarios\acuerdos-usuarios.component.css", "CSS", 0, 0, 0, 0, 40, 0, 0, 8, 48
"c:\AngularSRDeveloper\proyectoWeb-master\src\app\acuerdos-usuarios\acuerdos-usuarios.component.html", "HTML", 0, 0, 0, 23, 0, 0, 0, 2, 25
"c:\AngularSRDeveloper\proyectoWeb-master\src\app\acuerdos-usuarios\acuerdos-usuarios.component.spec.ts", "TypeScript", 0, 0, 17, 0, 0, 0, 0, 5, 22
"c:\AngularSRDeveloper\proyectoWeb-master\src\app\acuerdos-usuarios\acuerdos-usuarios.component.ts", "TypeScript", 0, 0, 26, 0, 0, 0, 1, 5, 32
"c:\AngularSRDeveloper\proyectoWeb-master\src\app\acuerdos\acuerdos.component.css", "CSS", 0, 0, 0, 0, 75, 0, 18, 25, 118
"c:\AngularSRDeveloper\proyectoWeb-master\src\app\acuerdos\acuerdos.component.html", "HTML", 0, 0, 0, 47, 0, 0, 0, 6, 53
"c:\AngularSRDeveloper\proyectoWeb-master\src\app\acuerdos\acuerdos.component.spec.ts", "TypeScript", 0, 0, 17, 0, 0, 0, 0, 5, 22
"c:\AngularSRDeveloper\proyectoWeb-master\src\app\acuerdos\acuerdos.component.ts", "TypeScript", 0, 0, 65, 0, 0, 0, 12, 24, 101
"c:\AngularSRDeveloper\proyectoWeb-master\src\app\acuerdos\acuerdos.model.ts", "TypeScript", 0, 0, 20, 0, 0, 0, 0, 3, 23
"c:\AngularSRDeveloper\proyectoWeb-master\src\app\acuerdos\acuerdos.service.spec.ts", "TypeScript", 0, 0, 12, 0, 0, 0, 0, 5, 17
"c:\AngularSRDeveloper\proyectoWeb-master\src\app\acuerdos\acuerdos.service.ts", "TypeScript", 0, 0, 27, 0, 0, 0, 0, 8, 35
"c:\AngularSRDeveloper\proyectoWeb-master\src\app\administracion\administracion.component.css", "CSS", 0, 0, 0, 0, 23, 0, 0, 6, 29
"c:\AngularSRDeveloper\proyectoWeb-master\src\app\administracion\administracion.component.html", "HTML", 0, 0, 0, 17, 0, 0, 3, 3, 23
"c:\AngularSRDeveloper\proyectoWeb-master\src\app\administracion\administracion.component.spec.ts", "TypeScript", 0, 0, 17, 0, 0, 0, 0, 5, 22
"c:\AngularSRDeveloper\proyectoWeb-master\src\app\administracion\administracion.component.ts", "TypeScript", 0, 0, 8, 0, 0, 0, 0, 3, 11
"c:\AngularSRDeveloper\proyectoWeb-master\src\app\agregar-usuario\agregar-usuario.component.css", "CSS", 0, 0, 0, 0, 74, 0, 0, 26, 100
"c:\AngularSRDeveloper\proyectoWeb-master\src\app\agregar-usuario\agregar-usuario.component.html", "HTML", 0, 0, 0, 35, 0, 0, 0, 1, 36
"c:\AngularSRDeveloper\proyectoWeb-master\src\app\agregar-usuario\agregar-usuario.component.spec.ts", "TypeScript", 0, 0, 17, 0, 0, 0, 0, 5, 22
"c:\AngularSRDeveloper\proyectoWeb-master\src\app\agregar-usuario\agregar-usuario.component.ts", "TypeScript", 0, 0, 45, 0, 0, 0, 0, 11, 56
"c:\AngularSRDeveloper\proyectoWeb-master\src\app\app-routing.module.ts", "TypeScript", 0, 0, 94, 0, 0, 0, 4, 16, 114
"c:\AngularSRDeveloper\proyectoWeb-master\src\app\app.component.css", "CSS", 0, 0, 0, 0, 257, 0, 11, 45, 313
"c:\AngularSRDeveloper\proyectoWeb-master\src\app\app.component.html", "HTML", 0, 0, 0, 11, 0, 0, 0, 7, 18
"c:\AngularSRDeveloper\proyectoWeb-master\src\app\app.component.spec.ts", "TypeScript", 0, 0, 26, 0, 0, 0, 0, 6, 32
"c:\AngularSRDeveloper\proyectoWeb-master\src\app\app.component.ts", "TypeScript", 0, 0, 101, 0, 0, 0, 16, 44, 161
"c:\AngularSRDeveloper\proyectoWeb-master\src\app\app.module.ts", "TypeScript", 0, 0, 118, 0, 0, 0, 0, 10, 128
"c:\AngularSRDeveloper\proyectoWeb-master\src\app\consultar-deudas\consultar-deudas.component.css", "CSS", 0, 0, 0, 0, 62, 0, 0, 25, 87
"c:\AngularSRDeveloper\proyectoWeb-master\src\app\consultar-deudas\consultar-deudas.component.html", "HTML", 0, 0, 0, 81, 0, 0, 0, 7, 88
"c:\AngularSRDeveloper\proyectoWeb-master\src\app\consultar-deudas\consultar-deudas.component.spec.ts", "TypeScript", 0, 0, 17, 0, 0, 0, 0, 5, 22
"c:\AngularSRDeveloper\proyectoWeb-master\src\app\consultar-deudas\consultar-deudas.component.ts", "TypeScript", 0, 0, 73, 0, 0, 0, 2, 19, 94
"c:\AngularSRDeveloper\proyectoWeb-master\src\app\consultar-propiedades\consultar-propiedades.component.css", "CSS", 0, 0, 0, 0, 66, 0, 0, 26, 92
"c:\AngularSRDeveloper\proyectoWeb-master\src\app\consultar-propiedades\consultar-propiedades.component.html", "HTML", 0, 0, 0, 56, 0, 0, 0, 4, 60
"c:\AngularSRDeveloper\proyectoWeb-master\src\app\consultar-propiedades\consultar-propiedades.component.spec.ts", "TypeScript", 0, 0, 17, 0, 0, 0, 0, 5, 22
"c:\AngularSRDeveloper\proyectoWeb-master\src\app\consultar-propiedades\consultar-propiedades.component.ts", "TypeScript", 0, 0, 76, 0, 0, 0, 3, 16, 95
"c:\AngularSRDeveloper\proyectoWeb-master\src\app\cuenta\cuenta.component.css", "CSS", 0, 0, 0, 0, 118, 0, 1, 49, 168
"c:\AngularSRDeveloper\proyectoWeb-master\src\app\cuenta\cuenta.component.html", "HTML", 0, 0, 0, 40, 0, 0, 0, 7, 47
"c:\AngularSRDeveloper\proyectoWeb-master\src\app\cuenta\cuenta.component.spec.ts", "TypeScript", 0, 0, 17, 0, 0, 0, 0, 5, 22
"c:\AngularSRDeveloper\proyectoWeb-master\src\app\cuenta\cuenta.component.ts", "TypeScript", 0, 0, 132, 0, 0, 0, 7, 39, 178
"c:\AngularSRDeveloper\proyectoWeb-master\src\app\cuenta\image.service.spec.ts", "TypeScript", 0, 0, 12, 0, 0, 0, 0, 5, 17
"c:\AngularSRDeveloper\proyectoWeb-master\src\app\cuenta\image.service.ts", "TypeScript", 0, 0, 21, 0, 0, 0, 4, 7, 32
"c:\AngularSRDeveloper\proyectoWeb-master\src\app\cuenta\usuario.model.spec.ts", "TypeScript", 0, 0, 6, 0, 0, 0, 0, 3, 9
"c:\AngularSRDeveloper\proyectoWeb-master\src\app\cuenta\usuario.model.ts", "TypeScript", 0, 0, 32, 0, 0, 0, 0, 3, 35
"c:\AngularSRDeveloper\proyectoWeb-master\src\app\data.service.ts", "TypeScript", 0, 0, 70, 0, 0, 0, 2, 22, 94
"c:\AngularSRDeveloper\proyectoWeb-master\src\app\deudas-extraordinarias\deudas-extraordinarias.component.css", "CSS", 0, 0, 0, 0, 54, 0, 0, 23, 77
"c:\AngularSRDeveloper\proyectoWeb-master\src\app\deudas-extraordinarias\deudas-extraordinarias.component.html", "HTML", 0, 0, 0, 68, 0, 0, 1, 17, 86
"c:\AngularSRDeveloper\proyectoWeb-master\src\app\deudas-extraordinarias\deudas-extraordinarias.component.spec.ts", "TypeScript", 0, 0, 17, 0, 0, 0, 0, 5, 22
"c:\AngularSRDeveloper\proyectoWeb-master\src\app\deudas-extraordinarias\deudas-extraordinarias.component.ts", "TypeScript", 0, 0, 97, 0, 0, 0, 1, 37, 135
"c:\AngularSRDeveloper\proyectoWeb-master\src\app\deudas-ordinarias\deudas-ordinarias.component.css", "CSS", 0, 0, 0, 0, 62, 0, 0, 25, 87
"c:\AngularSRDeveloper\proyectoWeb-master\src\app\deudas-ordinarias\deudas-ordinarias.component.html", "HTML", 0, 0, 0, 83, 0, 0, 2, 26, 111
"c:\AngularSRDeveloper\proyectoWeb-master\src\app\deudas-ordinarias\deudas-ordinarias.component.spec.ts", "TypeScript", 0, 0, 17, 0, 0, 0, 0, 5, 22
"c:\AngularSRDeveloper\proyectoWeb-master\src\app\deudas-ordinarias\deudas-ordinarias.component.ts", "TypeScript", 0, 0, 173, 0, 0, 0, 6, 52, 231
"c:\AngularSRDeveloper\proyectoWeb-master\src\app\deudores\deudores.component.css", "CSS", 0, 0, 0, 0, 66, 0, 0, 26, 92
"c:\AngularSRDeveloper\proyectoWeb-master\src\app\deudores\deudores.component.html", "HTML", 0, 0, 0, 51, 0, 0, 0, 2, 53
"c:\AngularSRDeveloper\proyectoWeb-master\src\app\deudores\deudores.component.spec.ts", "TypeScript", 0, 0, 17, 0, 0, 0, 0, 5, 22
"c:\AngularSRDeveloper\proyectoWeb-master\src\app\deudores\deudores.component.ts", "TypeScript", 0, 0, 37, 0, 0, 0, 0, 11, 48
"c:\AngularSRDeveloper\proyectoWeb-master\src\app\egresos\egresos.component.css", "CSS", 0, 0, 0, 0, 82, 0, 20, 30, 132
"c:\AngularSRDeveloper\proyectoWeb-master\src\app\egresos\egresos.component.html", "HTML", 0, 0, 0, 57, 0, 0, 0, 13, 70
"c:\AngularSRDeveloper\proyectoWeb-master\src\app\egresos\egresos.component.spec.ts", "TypeScript", 0, 0, 17, 0, 0, 0, 0, 5, 22
"c:\AngularSRDeveloper\proyectoWeb-master\src\app\egresos\egresos.component.ts", "TypeScript", 0, 0, 190, 0, 0, 0, 5, 14, 209
"c:\AngularSRDeveloper\proyectoWeb-master\src\app\egresos\egresos.model.spec.ts", "TypeScript", 0, 0, 6, 0, 0, 0, 0, 2, 8
"c:\AngularSRDeveloper\proyectoWeb-master\src\app\egresos\egresos.model.ts", "TypeScript", 0, 0, 23, 0, 0, 0, 0, 2, 25
"c:\AngularSRDeveloper\proyectoWeb-master\src\app\egresos\egresos.service.spec.ts", "TypeScript", 0, 0, 12, 0, 0, 0, 0, 5, 17
"c:\AngularSRDeveloper\proyectoWeb-master\src\app\egresos\egresos.service.ts", "TypeScript", 0, 0, 27, 0, 0, 0, 0, 12, 39
"c:\AngularSRDeveloper\proyectoWeb-master\src\app\email\email.component.css", "CSS", 0, 0, 0, 0, 0, 0, 0, 1, 1
"c:\AngularSRDeveloper\proyectoWeb-master\src\app\email\email.component.html", "HTML", 0, 0, 0, 1, 0, 0, 0, 1, 2
"c:\AngularSRDeveloper\proyectoWeb-master\src\app\email\email.component.spec.ts", "TypeScript", 0, 0, 17, 0, 0, 0, 0, 5, 22
"c:\AngularSRDeveloper\proyectoWeb-master\src\app\email\email.component.ts", "TypeScript", 0, 0, 24, 0, 0, 0, 0, 8, 32
"c:\AngularSRDeveloper\proyectoWeb-master\src\app\footer\footer.css", "CSS", 0, 0, 0, 0, 86, 0, 3, 18, 107
"c:\AngularSRDeveloper\proyectoWeb-master\src\app\footer\footer.html", "HTML", 0, 0, 0, 14, 0, 0, 0, 2, 16
"c:\AngularSRDeveloper\proyectoWeb-master\src\app\fraccionamientos\fraccionamientos.component.css", "CSS", 0, 0, 0, 0, 72, 0, 23, 28, 123
"c:\AngularSRDeveloper\proyectoWeb-master\src\app\fraccionamientos\fraccionamientos.component.html", "HTML", 0, 0, 0, 48, 0, 0, 36, 24, 108
"c:\AngularSRDeveloper\proyectoWeb-master\src\app\fraccionamientos\fraccionamientos.component.spec.ts", "TypeScript", 0, 0, 17, 0, 0, 0, 0, 7, 24
"c:\AngularSRDeveloper\proyectoWeb-master\src\app\fraccionamientos\fraccionamientos.component.ts", "TypeScript", 0, 0, 91, 0, 0, 0, 62, 34, 187
"c:\AngularSRDeveloper\proyectoWeb-master\src\app\home\home.component.css", "CSS", 0, 0, 0, 0, 4, 0, 0, 0, 4
"c:\AngularSRDeveloper\proyectoWeb-master\src\app\home\home.component.html", "HTML", 0, 0, 0, 1, 0, 0, 0, 0, 1
"c:\AngularSRDeveloper\proyectoWeb-master\src\app\home\home.component.spec.ts", "TypeScript", 0, 0, 17, 0, 0, 0, 0, 5, 22
"c:\AngularSRDeveloper\proyectoWeb-master\src\app\home\home.component.ts", "TypeScript", 0, 0, 8, 0, 0, 0, 0, 3, 11
"c:\AngularSRDeveloper\proyectoWeb-master\src\app\ingresos-extraordinarios\ingresos-extraordinarios.component.css", "CSS", 0, 0, 0, 0, 50, 0, 18, 22, 90
"c:\AngularSRDeveloper\proyectoWeb-master\src\app\ingresos-extraordinarios\ingresos-extraordinarios.component.html", "HTML", 0, 0, 0, 34, 0, 0, 2, 23, 59
"c:\AngularSRDeveloper\proyectoWeb-master\src\app\ingresos-extraordinarios\ingresos-extraordinarios.component.spec.ts", "TypeScript", 0, 0, 17, 0, 0, 0, 0, 5, 22
"c:\AngularSRDeveloper\proyectoWeb-master\src\app\ingresos-extraordinarios\ingresos-extraordinarios.component.ts", "TypeScript", 0, 0, 8, 0, 0, 0, 0, 3, 11
"c:\AngularSRDeveloper\proyectoWeb-master\src\app\ingresos-ordinarios\ingresos-ordinarios.component.css", "CSS", 0, 0, 0, 0, 59, 0, 0, 11, 70
"c:\AngularSRDeveloper\proyectoWeb-master\src\app\ingresos-ordinarios\ingresos-ordinarios.component.html", "HTML", 0, 0, 0, 50, 0, 0, 3, 15, 68
"c:\AngularSRDeveloper\proyectoWeb-master\src\app\ingresos-ordinarios\ingresos-ordinarios.component.spec.ts", "TypeScript", 0, 0, 17, 0, 0, 0, 0, 5, 22
"c:\AngularSRDeveloper\proyectoWeb-master\src\app\ingresos-ordinarios\ingresos-ordinarios.component.ts", "TypeScript", 0, 0, 8, 0, 0, 0, 0, 3, 11
"c:\AngularSRDeveloper\proyectoWeb-master\src\app\inicio-sesion\inicio-sesion.component.css", "CSS", 0, 0, 0, 0, 257, 0, 11, 45, 313
"c:\AngularSRDeveloper\proyectoWeb-master\src\app\inicio-sesion\inicio-sesion.component.html", "HTML", 0, 0, 0, 117, 0, 0, 5, 23, 145
"c:\AngularSRDeveloper\proyectoWeb-master\src\app\inicio-sesion\inicio-sesion.component.spec.ts", "TypeScript", 0, 0, 17, 0, 0, 0, 0, 5, 22
"c:\AngularSRDeveloper\proyectoWeb-master\src\app\inicio-sesion\inicio-sesion.component.ts", "TypeScript", 0, 0, 150, 0, 0, 0, 16, 35, 201
"c:\AngularSRDeveloper\proyectoWeb-master\src\app\inquilinos\inquilinos.component.ts", "TypeScript", 0, 0, 39, 0, 0, 0, 2, 16, 57
"c:\AngularSRDeveloper\proyectoWeb-master\src\app\invitacion\correo.service.spec.ts", "TypeScript", 0, 0, 12, 0, 0, 0, 0, 5, 17
"c:\AngularSRDeveloper\proyectoWeb-master\src\app\invitacion\correo.service.ts", "TypeScript", 0, 0, 17, 0, 0, 0, 0, 4, 21
"c:\AngularSRDeveloper\proyectoWeb-master\src\app\invitacion\invitacion.component.css", "CSS", 0, 0, 0, 0, 192, 0, 5, 64, 261
"c:\AngularSRDeveloper\proyectoWeb-master\src\app\invitacion\invitacion.component.html", "HTML", 0, 0, 0, 66, 0, 0, 2, 12, 80
"c:\AngularSRDeveloper\proyectoWeb-master\src\app\invitacion\invitacion.component.spec.ts", "TypeScript", 0, 0, 17, 0, 0, 0, 0, 5, 22
"c:\AngularSRDeveloper\proyectoWeb-master\src\app\invitacion\invitacion.component.ts", "TypeScript", 0, 0, 92, 0, 0, 0, 2, 16, 110
"c:\AngularSRDeveloper\proyectoWeb-master\src\app\invitacion\invitacion.model.spec.ts", "TypeScript", 0, 0, 6, 0, 0, 0, 0, 2, 8
"c:\AngularSRDeveloper\proyectoWeb-master\src\app\invitacion\invitacion.model.ts", "TypeScript", 0, 0, 13, 0, 0, 0, 0, 1, 14
"c:\AngularSRDeveloper\proyectoWeb-master\src\app\invitacion\invitacion.service.spec.ts", "TypeScript", 0, 0, 12, 0, 0, 0, 0, 5, 17
"c:\AngularSRDeveloper\proyectoWeb-master\src\app\invitacion\invitacion.service.ts", "TypeScript", 0, 0, 17, 0, 0, 0, 1, 9, 27
"c:\AngularSRDeveloper\proyectoWeb-master\src\app\invitacion\usuario.model.spec.ts", "TypeScript", 0, 0, 6, 0, 0, 0, 0, 2, 8
"c:\AngularSRDeveloper\proyectoWeb-master\src\app\invitacion\usuario.model.ts", "TypeScript", 0, 0, 32, 0, 0, 0, 0, 1, 33
"c:\AngularSRDeveloper\proyectoWeb-master\src\app\mis-deudas\mis-deudas.component.css", "CSS", 0, 0, 0, 0, 32, 0, 0, 7, 39
"c:\AngularSRDeveloper\proyectoWeb-master\src\app\mis-deudas\mis-deudas.component.html", "HTML", 0, 0, 0, 42, 0, 0, 4, 5, 51
"c:\AngularSRDeveloper\proyectoWeb-master\src\app\mis-deudas\mis-deudas.component.spec.ts", "TypeScript", 0, 0, 17, 0, 0, 0, 0, 5, 22
"c:\AngularSRDeveloper\proyectoWeb-master\src\app\mis-deudas\mis-deudas.component.ts", "TypeScript", 0, 0, 8, 0, 0, 0, 0, 3, 11
"c:\AngularSRDeveloper\proyectoWeb-master\src\app\modelos\deudas.ts", "TypeScript", 0, 0, 38, 0, 0, 0, 0, 7, 45
"c:\AngularSRDeveloper\proyectoWeb-master\src\app\modelos\fraccionamientos.ts", "TypeScript", 0, 0, 34, 0, 0, 0, 0, 10, 44
"c:\AngularSRDeveloper\proyectoWeb-master\src\app\modelos\inquilinos.ts", "TypeScript", 0, 0, 20, 0, 0, 0, 0, 1, 21
"c:\AngularSRDeveloper\proyectoWeb-master\src\app\modelos\propiedades.ts", "TypeScript", 0, 0, 20, 0, 0, 0, 0, 1, 21
"c:\AngularSRDeveloper\proyectoWeb-master\src\app\modelos\usuarios.ts", "TypeScript", 0, 0, 47, 0, 0, 0, 2, 10, 59
"c:\AngularSRDeveloper\proyectoWeb-master\src\app\not-found\not-found.component.css", "CSS", 0, 0, 0, 0, 0, 0, 0, 1, 1
"c:\AngularSRDeveloper\proyectoWeb-master\src\app\not-found\not-found.component.html", "HTML", 0, 0, 0, 1, 0, 0, 0, 1, 2
"c:\AngularSRDeveloper\proyectoWeb-master\src\app\not-found\not-found.component.spec.ts", "TypeScript", 0, 0, 17, 0, 0, 0, 0, 5, 22
"c:\AngularSRDeveloper\proyectoWeb-master\src\app\not-found\not-found.component.ts", "TypeScript", 0, 0, 8, 0, 0, 0, 0, 3, 11
"c:\AngularSRDeveloper\proyectoWeb-master\src\app\notificaciones-usuarios\notificaciones-usuarios.component.css", "CSS", 0, 0, 0, 0, 44, 0, 0, 9, 53
"c:\AngularSRDeveloper\proyectoWeb-master\src\app\notificaciones-usuarios\notificaciones-usuarios.component.html", "HTML", 0, 0, 0, 21, 0, 0, 1, 3, 25
"c:\AngularSRDeveloper\proyectoWeb-master\src\app\notificaciones-usuarios\notificaciones-usuarios.component.spec.ts", "TypeScript", 0, 0, 17, 0, 0, 0, 0, 5, 22
"c:\AngularSRDeveloper\proyectoWeb-master\src\app\notificaciones-usuarios\notificaciones-usuarios.component.ts", "TypeScript", 0, 0, 44, 0, 0, 0, 1, 8, 53
"c:\AngularSRDeveloper\proyectoWeb-master\src\app\notificaciones\notificaciones.component.css", "CSS", 0, 0, 0, 0, 68, 0, 27, 21, 116
"c:\AngularSRDeveloper\proyectoWeb-master\src\app\notificaciones\notificaciones.component.html", "HTML", 0, 0, 0, 85, 0, 0, 2, 22, 109
"c:\AngularSRDeveloper\proyectoWeb-master\src\app\notificaciones\notificaciones.component.ts", "TypeScript", 0, 0, 160, 0, 0, 0, 14, 24, 198
"c:\AngularSRDeveloper\proyectoWeb-master\src\app\notificaciones\notificaciones.model.spec.ts", "TypeScript", 0, 0, 0, 0, 0, 0, 9, 0, 9
"c:\AngularSRDeveloper\proyectoWeb-master\src\app\notificaciones\notificaciones.model.ts", "TypeScript", 0, 0, 23, 0, 0, 0, 0, 2, 25
"c:\AngularSRDeveloper\proyectoWeb-master\src\app\notificaciones\notificaciones.service.spec.ts", "TypeScript", 0, 0, 12, 0, 0, 0, 0, 5, 17
"c:\AngularSRDeveloper\proyectoWeb-master\src\app\notificaciones\notificaciones.service.ts", "TypeScript", 0, 0, 27, 0, 0, 0, 0, 12, 39
"c:\AngularSRDeveloper\proyectoWeb-master\src\app\notificaciones\personas.model.spec.ts", "TypeScript", 0, 0, 6, 0, 0, 0, 0, 2, 8
"c:\AngularSRDeveloper\proyectoWeb-master\src\app\notificaciones\personas.model.ts", "TypeScript", 0, 0, 38, 0, 0, 0, 0, 2, 40
"c:\AngularSRDeveloper\proyectoWeb-master\src\app\notificaciones\personas.service.spec.ts", "TypeScript", 0, 0, 12, 0, 0, 0, 0, 5, 17
"c:\AngularSRDeveloper\proyectoWeb-master\src\app\notificaciones\personas.service.ts", "TypeScript", 0, 0, 15, 0, 0, 0, 0, 5, 20
"c:\AngularSRDeveloper\proyectoWeb-master\src\app\panel-principal-admin\imagen.service.spec.ts", "TypeScript", 0, 0, 12, 0, 0, 0, 0, 5, 17
"c:\AngularSRDeveloper\proyectoWeb-master\src\app\panel-principal-admin\imagen.service.ts", "TypeScript", 0, 0, 21, 0, 0, 0, 4, 11, 36
"c:\AngularSRDeveloper\proyectoWeb-master\src\app\panel-principal-admin\panel-principal-admin.component.css", "CSS", 0, 0, 0, 0, 87, 0, 14, 45, 146
"c:\AngularSRDeveloper\proyectoWeb-master\src\app\panel-principal-admin\panel-principal-admin.component.html", "HTML", 0, 0, 0, 54, 0, 0, 0, 4, 58
"c:\AngularSRDeveloper\proyectoWeb-master\src\app\panel-principal-admin\panel-principal-admin.component.spec.ts", "TypeScript", 0, 0, 17, 0, 0, 0, 0, 5, 22
"c:\AngularSRDeveloper\proyectoWeb-master\src\app\panel-principal-admin\panel-principal-admin.component.ts", "TypeScript", 0, 0, 85, 0, 0, 0, 5, 29, 119
"c:\AngularSRDeveloper\proyectoWeb-master\src\app\panel-principal-tesorero\panel-principal-tesorero.component.css", "CSS", 0, 0, 0, 0, 57, 0, 22, 17, 96
"c:\AngularSRDeveloper\proyectoWeb-master\src\app\panel-principal-tesorero\panel-principal-tesorero.component.html", "HTML", 0, 0, 0, 54, 0, 0, 0, 2, 56
"c:\AngularSRDeveloper\proyectoWeb-master\src\app\panel-principal-tesorero\panel-principal-tesorero.component.spec.ts", "TypeScript", 0, 0, 17, 0, 0, 0, 0, 5, 22
"c:\AngularSRDeveloper\proyectoWeb-master\src\app\panel-principal-tesorero\panel-principal-tesorero.component.ts", "TypeScript", 0, 0, 78, 0, 0, 0, 3, 20, 101
"c:\AngularSRDeveloper\proyectoWeb-master\src\app\panel-principal-user\panel-principal-user.component.css", "CSS", 0, 0, 0, 0, 57, 0, 7, 15, 79
"c:\AngularSRDeveloper\proyectoWeb-master\src\app\panel-principal-user\panel-principal-user.component.html", "HTML", 0, 0, 0, 52, 0, 0, 0, 6, 58
"c:\AngularSRDeveloper\proyectoWeb-master\src\app\panel-principal-user\panel-principal-user.component.spec.ts", "TypeScript", 0, 0, 17, 0, 0, 0, 0, 5, 22
"c:\AngularSRDeveloper\proyectoWeb-master\src\app\panel-principal-user\panel-principal-user.component.ts", "TypeScript", 0, 0, 69, 0, 0, 0, 3, 19, 91
"c:\AngularSRDeveloper\proyectoWeb-master\src\app\pipe\filtro-acuerdos.pipe.spec.ts", "TypeScript", 0, 0, 7, 0, 0, 0, 0, 2, 9
"c:\AngularSRDeveloper\proyectoWeb-master\src\app\pipe\filtro-acuerdos.pipe.ts", "TypeScript", 0, 0, 11, 0, 0, 0, 0, 5, 16
"c:\AngularSRDeveloper\proyectoWeb-master\src\app\pipe\filtro-deudores.pipe.spec.ts", "TypeScript", 0, 0, 7, 0, 0, 0, 0, 2, 9
"c:\AngularSRDeveloper\proyectoWeb-master\src\app\pipe\filtro-deudores.pipe.ts", "TypeScript", 0, 0, 11, 0, 0, 0, 0, 4, 15
"c:\AngularSRDeveloper\proyectoWeb-master\src\app\pipe\filtro-fecha.pipe.spec.ts", "TypeScript", 0, 0, 7, 0, 0, 0, 0, 2, 9
"c:\AngularSRDeveloper\proyectoWeb-master\src\app\pipe\filtro-fecha.pipe.ts", "TypeScript", 0, 0, 12, 0, 0, 0, 1, 7, 20
"c:\AngularSRDeveloper\proyectoWeb-master\src\app\pipe\filtro-notificaciones.pipe.spec.ts", "TypeScript", 0, 0, 7, 0, 0, 0, 0, 2, 9
"c:\AngularSRDeveloper\proyectoWeb-master\src\app\pipe\filtro-notificaciones.pipe.ts", "TypeScript", 0, 0, 11, 0, 0, 0, 0, 4, 15
"c:\AngularSRDeveloper\proyectoWeb-master\src\app\pipe\filtro-usuarios.pipe.spec.ts", "TypeScript", 0, 0, 7, 0, 0, 0, 0, 2, 9
"c:\AngularSRDeveloper\proyectoWeb-master\src\app\pipe\filtro-usuarios.pipe.ts", "TypeScript", 0, 0, 11, 0, 0, 0, 0, 4, 15
"c:\AngularSRDeveloper\proyectoWeb-master\src\app\propiedades\propiedades.component.css", "CSS", 0, 0, 0, 0, 174, 0, 26, 62, 262
"c:\AngularSRDeveloper\proyectoWeb-master\src\app\propiedades\propiedades.component.html", "HTML", 0, 0, 0, 144, 0, 0, 14, 15, 173
"c:\AngularSRDeveloper\proyectoWeb-master\src\app\propiedades\propiedades.component.spec.ts", "TypeScript", 0, 0, 17, 0, 0, 0, 0, 5, 22
"c:\AngularSRDeveloper\proyectoWeb-master\src\app\propiedades\propiedades.component.ts", "TypeScript", 0, 0, 234, 0, 0, 0, 9, 83, 326
"c:\AngularSRDeveloper\proyectoWeb-master\src\app\proveedores-usuarios\proveedores-usuarios.component.css", "CSS", 0, 0, 0, 0, 30, 0, 0, 5, 35
"c:\AngularSRDeveloper\proyectoWeb-master\src\app\proveedores-usuarios\proveedores-usuarios.component.html", "HTML", 0, 0, 0, 31, 0, 0, 0, 2, 33
"c:\AngularSRDeveloper\proyectoWeb-master\src\app\proveedores-usuarios\proveedores-usuarios.component.spec.ts", "TypeScript", 0, 0, 17, 0, 0, 0, 0, 5, 22
"c:\AngularSRDeveloper\proyectoWeb-master\src\app\proveedores-usuarios\proveedores-usuarios.component.ts", "TypeScript", 0, 0, 27, 0, 0, 0, 4, 8, 39
"c:\AngularSRDeveloper\proyectoWeb-master\src\app\proveedores\proveedor.model.spec.ts", "TypeScript", 0, 0, 0, 0, 0, 0, 9, 0, 9
"c:\AngularSRDeveloper\proyectoWeb-master\src\app\proveedores\proveedor.model.ts", "TypeScript", 0, 0, 32, 0, 0, 0, 0, 2, 34
"c:\AngularSRDeveloper\proyectoWeb-master\src\app\proveedores\proveedores.component.css", "CSS", 0, 0, 0, 0, 77, 0, 0, 30, 107
"c:\AngularSRDeveloper\proyectoWeb-master\src\app\proveedores\proveedores.component.html", "HTML", 0, 0, 0, 90, 0, 0, 0, 7, 97
"c:\AngularSRDeveloper\proyectoWeb-master\src\app\proveedores\proveedores.component.spec.ts", "TypeScript", 0, 0, 17, 0, 0, 0, 0, 5, 22
"c:\AngularSRDeveloper\proyectoWeb-master\src\app\proveedores\proveedores.component.ts", "TypeScript", 0, 0, 163, 0, 0, 0, 19, 32, 214
"c:\AngularSRDeveloper\proyectoWeb-master\src\app\proveedores\proveedores.service.spec.ts", "TypeScript", 0, 0, 12, 0, 0, 0, 0, 5, 17
"c:\AngularSRDeveloper\proyectoWeb-master\src\app\proveedores\proveedores.service.ts", "TypeScript", 0, 0, 24, 0, 0, 0, 1, 9, 34
"c:\AngularSRDeveloper\proyectoWeb-master\src\app\prueba\prueba.component.css", "CSS", 0, 0, 0, 0, 0, 0, 0, 1, 1
"c:\AngularSRDeveloper\proyectoWeb-master\src\app\prueba\prueba.component.html", "HTML", 0, 0, 0, 1, 0, 0, 0, 1, 2
"c:\AngularSRDeveloper\proyectoWeb-master\src\app\prueba\prueba.component.spec.ts", "TypeScript", 0, 0, 17, 0, 0, 0, 0, 5, 22
"c:\AngularSRDeveloper\proyectoWeb-master\src\app\prueba\prueba.component.ts", "TypeScript", 0, 0, 8, 0, 0, 0, 0, 3, 11
"c:\AngularSRDeveloper\proyectoWeb-master\src\app\recuperacion-contrasenia\correo.service.spec.ts", "TypeScript", 0, 0, 12, 0, 0, 0, 0, 5, 17
"c:\AngularSRDeveloper\proyectoWeb-master\src\app\recuperacion-contrasenia\correo.service.ts", "TypeScript", 0, 0, 17, 0, 0, 0, 0, 4, 21
"c:\AngularSRDeveloper\proyectoWeb-master\src\app\recuperacion-contrasenia\recuperacion-contrasenia.component.css", "CSS", 0, 0, 0, 0, 330, 0, 15, 58, 403
"c:\AngularSRDeveloper\proyectoWeb-master\src\app\recuperacion-contrasenia\recuperacion-contrasenia.component.html", "HTML", 0, 0, 0, 46, 0, 0, 3, 17, 66
"c:\AngularSRDeveloper\proyectoWeb-master\src\app\recuperacion-contrasenia\recuperacion-contrasenia.component.spec.ts", "TypeScript", 0, 0, 17, 0, 0, 0, 0, 5, 22
"c:\AngularSRDeveloper\proyectoWeb-master\src\app\recuperacion-contrasenia\recuperacion-contrasenia.component.ts", "TypeScript", 0, 0, 114, 0, 0, 0, 18, 24, 156
"c:\AngularSRDeveloper\proyectoWeb-master\src\app\recuperacion-contrasenia\recuperacion.service.spec.ts", "TypeScript", 0, 0, 12, 0, 0, 0, 0, 5, 17
"c:\AngularSRDeveloper\proyectoWeb-master\src\app\recuperacion-contrasenia\recuperacion.service.ts", "TypeScript", 0, 0, 14, 0, 0, 0, 0, 5, 19
"c:\AngularSRDeveloper\proyectoWeb-master\src\app\registros\registros.component.css", "CSS", 0, 0, 0, 0, 193, 0, 4, 64, 261
"c:\AngularSRDeveloper\proyectoWeb-master\src\app\registros\registros.component.html", "HTML", 0, 0, 0, 61, 0, 0, 1, 12, 74
"c:\AngularSRDeveloper\proyectoWeb-master\src\app\registros\registros.component.spec.ts", "TypeScript", 0, 0, 17, 0, 0, 0, 0, 5, 22
"c:\AngularSRDeveloper\proyectoWeb-master\src\app\registros\registros.component.ts", "TypeScript", 0, 0, 176, 0, 0, 0, 29, 48, 253
"c:\AngularSRDeveloper\proyectoWeb-master\src\app\side-nav\side-nav.component.css", "CSS", 0, 0, 0, 0, 29, 0, 5, 12, 46
"c:\AngularSRDeveloper\proyectoWeb-master\src\app\side-nav\side-nav.component.html", "HTML", 0, 0, 0, 36, 0, 0, 0, 4, 40
"c:\AngularSRDeveloper\proyectoWeb-master\src\app\side-nav\side-nav.component.spec.ts", "TypeScript", 0, 0, 18, 0, 0, 0, 0, 5, 23
"c:\AngularSRDeveloper\proyectoWeb-master\src\app\side-nav\side-nav.component.ts", "TypeScript", 0, 0, 39, 0, 0, 0, 1, 16, 56
"c:\AngularSRDeveloper\proyectoWeb-master\src\app\usuarios\usuarios.component.css", "CSS", 0, 0, 0, 0, 72, 0, 0, 30, 102
"c:\AngularSRDeveloper\proyectoWeb-master\src\app\usuarios\usuarios.component.html", "HTML", 0, 0, 0, 98, 0, 0, 17, 18, 133
"c:\AngularSRDeveloper\proyectoWeb-master\src\app\usuarios\usuarios.component.spec.ts", "TypeScript", 0, 0, 17, 0, 0, 0, 0, 5, 22
"c:\AngularSRDeveloper\proyectoWeb-master\src\app\usuarios\usuarios.component.ts", "TypeScript", 0, 0, 175, 0, 0, 0, 29, 51, 255
"c:\AngularSRDeveloper\proyectoWeb-master\src\index.html", "HTML", 0, 0, 0, 16, 0, 0, 0, 1, 17
"c:\AngularSRDeveloper\proyectoWeb-master\src\main.ts", "TypeScript", 0, 0, 5, 0, 0, 0, 0, 4, 9
"c:\AngularSRDeveloper\proyectoWeb-master\src\styles.css", "CSS", 0, 0, 0, 0, 2, 0, 1, 2, 5
"c:\AngularSRDeveloper\proyectoWeb-master\tsconfig.app.json", "JSON", 13, 0, 0, 0, 0, 0, 1, 1, 15
"c:\AngularSRDeveloper\proyectoWeb-master\tsconfig.json", "JSON with Comments", 0, 32, 0, 0, 0, 0, 1, 1, 34
"c:\AngularSRDeveloper\proyectoWeb-master\tsconfig.spec.json", "JSON", 13, 0, 0, 0, 0, 0, 1, 1, 15
"Total", "-", 13986, 49, 4634, 1743, 2999, 14, 644, 2481, 26550